{
  "inputUnits": [34],
  "outputUnits": 6,
  "inputs": {
    "0": {
      "dtype": "number",
      "min": 222.03299555797057,
      "max": 333.33967275656613
    },
    "1": {
      "dtype": "number",
      "min": 79.2243127785768,
      "max": 114.93207998312866
    },
    "2": {
      "dtype": "number",
      "min": 229.61096737635276,
      "max": 340.401859506095
    },
    "3": {
      "dtype": "number",
      "min": 69.45308997009516,
      "max": 109.47904712959021
    },
    "4": {
      "dtype": "number",
      "min": 210.21284288933305,
      "max": 334.7009906694583
    },
    "5": {
      "dtype": "number",
      "min": 70.08758307430995,
      "max": 111.17568197881201
    },
    "6": {
      "dtype": "number",
      "min": 243.72355153124622,
      "max": 352.46967003967046
    },
    "7": {
      "dtype": "number",
      "min": 80.52586611142883,
      "max": 114.6866883749164
    },
    "8": {
      "dtype": "number",
      "min": 200.34215118170712,
      "max": 323.4217635574044
    },
    "9": {
      "dtype": "number",
      "min": 79.62860270696856,
      "max": 112.73551020640807
    },
    "10": {
      "dtype": "number",
      "min": 273.7211727632159,
      "max": 367.4917293800918
    },
    "11": {
      "dtype": "number",
      "min": 113.29703008154488,
      "max": 160.32235334819393
    },
    "12": {
      "dtype": "number",
      "min": 186.33186904372872,
      "max": 301.78523082213644
    },
    "13": {
      "dtype": "number",
      "min": 119.22734264269877,
      "max": 168.72271051666615
    },
    "14": {
      "dtype": "number",
      "min": 300.777709010974,
      "max": 403.3835002142168
    },
    "15": {
      "dtype": "number",
      "min": 65.53888936914822,
      "max": 225.60820701985045
    },
    "16": {
      "dtype": "number",
      "min": 168.43413772286144,
      "max": 279.21586530217866
    },
    "17": {
      "dtype": "number",
      "min": 52.19658877599102,
      "max": 238.20173215309472
    },
    "18": {
      "dtype": "number",
      "min": 271.9892497378101,
      "max": 397.7807158533237
    },
    "19": {
      "dtype": "number",
      "min": 6.434265017973317,
      "max": 297.187934608311
    },
    "20": {
      "dtype": "number",
      "min": 127.37072896400778,
      "max": 330.7025110860743
    },
    "21": {
      "dtype": "number",
      "min": 3.2963443266278603,
      "max": 314.1119378828353
    },
    "22": {
      "dtype": "number",
      "min": 252.085087995121,
      "max": 335.7655981635305
    },
    "23": {
      "dtype": "number",
      "min": 250.76964619558612,
      "max": 293.36856470961516
    },
    "24": {
      "dtype": "number",
      "min": 214.91424679292317,
      "max": 289.7322515940388
    },
    "25": {
      "dtype": "number",
      "min": 247.72548156025812,
      "max": 298.9185829014166
    },
    "26": {
      "dtype": "number",
      "min": 239.53819185843264,
      "max": 348.5263382136126
    },
    "27": {
      "dtype": "number",
      "min": 252.50480444050947,
      "max": 399.7677876513292
    },
    "28": {
      "dtype": "number",
      "min": 182.73468848796207,
      "max": 280.1975122592792
    },
    "29": {
      "dtype": "number",
      "min": 262.3428962202851,
      "max": 411.0808031846577
    },
    "30": {
      "dtype": "number",
      "min": 239.66066160090702,
      "max": 349.12466798774926
    },
    "31": {
      "dtype": "number",
      "min": 328.0986468244619,
      "max": 500.64828716827276
    },
    "32": {
      "dtype": "number",
      "min": 192.51392171540613,
      "max": 284.12091444438533
    },
    "33": {
      "dtype": "number",
      "min": 315.9584371960117,
      "max": 518.169565683209
    }
  },
  "outputs": {
    "0": {
      "dtype": "string",
      "min": 0,
      "max": 1,
      "uniqueValues": ["t", "a", "l", "i", "h", "y"],
      "legend": {
        "t": [1, 0, 0, 0, 0, 0],
        "a": [0, 1, 0, 0, 0, 0],
        "l": [0, 0, 1, 0, 0, 0],
        "i": [0, 0, 0, 1, 0, 0],
        "h": [0, 0, 0, 0, 1, 0],
        "y": [0, 0, 0, 0, 0, 1]
      }
    }
  },
  "isNormalized": true
}
